ticker,period_end,freq,filed_date,has_derived_flows,revenue_usd,cost_of_revenue_usd,gross_profit_usd,rd_expense_usd,capex_usd,eps_basic,eps_diluted,net_income_usd,operating_cf_usd,investing_cf_usd,financing_cf_usd,net_change_in_cash_usd,inventory_usd,lt_debt_noncurrent_usd,lt_debt_current_usd,stockholders_equity_usd,gross_margin,total_debt_usd,debt_to_equity
TXN,2015-03-31,quarterly,2015-05-05,False,3150000000.0,1334000000.0,1816000000.0,338000000.0,123000000.0,0.62,0.61,656000000.0,609000000.0,158000000.0,-724000000.0,43000000.0,1844000000.0,3638000000.0,1000000000.0,10369000000.0,0.5765079365079365,4638000000.0,0.4472948211013598
TXN,2015-06-30,quarterly,2015-08-04,True,3232000000.0,1351000000.0,1881000000.0,320000000.0,125000000.0,0.66,0.65,696000000.0,820000000.0,-174000000.0,-704000000.0,-58000000.0,1885000000.0,3134000000.0,1750000000.0,10205000000.0,0.5819925742574258,4884000000.0,0.4785889269965703
TXN,2015-09-30,quarterly,2015-11-05,True,3429000000.0,1432000000.0,1997000000.0,316000000.0,139000000.0,0.77,0.76,798000000.0,1409000000.0,389000000.0,-1849000000.0,-51000000.0,1771000000.0,3132000000.0,1000000000.0,9970000000.0,0.5823855351414406,4132000000.0,0.4144433299899699
TXN,2015-12-31,quarterly,2016-02-24,True,3189000000.0,1323000000.0,1866000000.0,306000000.0,164000000.0,0.81,0.8,836000000.0,1430000000.0,-675000000.0,-888000000.0,-133000000.0,1691000000.0,3120000000.0,1000000000.0,9946000000.0,0.5851364063969896,4120000000.0,0.41423687914739593
TXN,2016-03-31,quarterly,2016-05-04,False,3008000000.0,1184000000.0,1824000000.0,326000000.0,124000000.0,0.65,0.65,668000000.0,547000000.0,573000000.0,-839000000.0,281000000.0,1805000000.0,2869000000.0,1249000000.0,9782000000.0,0.6063829787234043,4118000000.0,0.4209773052545492
TXN,2016-06-30,quarterly,2016-08-04,True,3273000000.0,1270000000.0,2003000000.0,345000000.0,158000000.0,0.77,0.76,779000000.0,1069000000.0,65000000.0,-1180000000.0,-46000000.0,1876000000.0,2975000000.0,637000000.0,9962000000.0,0.6119767797128017,3612000000.0,0.3625777956233688
TXN,2016-09-30,quarterly,2016-11-03,True,3675000000.0,1395000000.0,2280000000.0,356000000.0,139000000.0,0.95,0.94,968000000.0,1413000000.0,-603000000.0,-676000000.0,134000000.0,1808000000.0,2977000000.0,634000000.0,10286000000.0,0.6204081632653061,3611000000.0,0.3510596927863115
TXN,2016-12-31,quarterly,2017-02-23,True,3414000000.0,1281000000.0,2133000000.0,343000000.0,110000000.0,1.04,1.02,1047000000.0,1585000000.0,-685000000.0,-1115000000.0,-215000000.0,1790000000.0,2978000000.0,631000000.0,10473000000.0,0.624780316344464,3609000000.0,0.34460040103122314
TXN,2017-03-31,quarterly,2017-05-03,False,3402000000.0,1258000000.0,2144000000.0,369000000.0,127000000.0,0.99,0.97,997000000.0,795000000.0,267000000.0,-1143000000.0,-81000000.0,1843000000.0,2980000000.0,378000000.0,10639000000.0,0.630217519106408,3358000000.0,0.31563116834288935
TXN,2017-06-30,quarterly,2017-08-03,True,3693000000.0,1319000000.0,2374000000.0,378000000.0,151000000.0,1.05,1.03,1056000000.0,917000000.0,-8000000.0,-842000000.0,67000000.0,1947000000.0,3084000000.0,499000000.0,10708000000.0,0.6428378012455997,3583000000.0,0.3346096376540904
TXN,2017-09-30,quarterly,2017-11-02,True,4116000000.0,1460000000.0,2656000000.0,375000000.0,186000000.0,1.29,1.26,1285000000.0,1722000000.0,-488000000.0,-1078000000.0,156000000.0,1908000000.0,3084000000.0,499000000.0,10988000000.0,0.6452866861030127,3583000000.0,0.3260829996359665
TXN,2017-12-31,quarterly,2018-02-22,True,3750000000.0,1310000000.0,2440000000.0,386000000.0,231000000.0,0.35,0.34,344000000.0,1929000000.0,-898000000.0,-671000000.0,360000000.0,1957000000.0,3577000000.0,500000000.0,10337000000.0,0.6506666666666666,4077000000.0,0.3944084357163587
TXN,2018-03-31,quarterly,2018-05-03,False,3789000000.0,1342000000.0,2447000000.0,385000000.0,189000000.0,1.38,1.35,1366000000.0,1112000000.0,266000000.0,-1317000000.0,61000000.0,2032000000.0,3578000000.0,500000000.0,10642000000.0,0.6458168382158881,4078000000.0,0.38319864687088895
TXN,2018-06-30,quarterly,2018-08-02,True,4017000000.0,1398000000.0,2619000000.0,384000000.0,249000000.0,1.43,1.4,1405000000.0,1826000000.0,-81000000.0,-543000000.0,1202000000.0,2090000000.0,5066000000.0,0.0,10634000000.0,0.6519790888722927,5066000000.0,0.4763964641715253
TXN,2018-09-30,quarterly,2018-11-02,True,4261000000.0,1457000000.0,2804000000.0,390000000.0,370000000.0,1.61,1.58,1570000000.0,2106000000.0,-1768000000.0,-1755000000.0,-1417000000.0,2116000000.0,4318000000.0,749000000.0,10516000000.0,0.6580614879136353,5067000000.0,0.48183720045644735
TXN,2018-12-31,quarterly,2019-02-22,True,3717000000.0,1310000000.0,2407000000.0,400000000.0,323000000.0,1.29,1.27,1239000000.0,2145000000.0,1505000000.0,-2714000000.0,936000000.0,2217000000.0,4319000000.0,749000000.0,8994000000.0,0.6475652407855798,5068000000.0,0.5634867689570825
TXN,2019-03-31,quarterly,2019-04-30,False,3594000000.0,1333000000.0,2261000000.0,389000000.0,251000000.0,1.29,1.26,1217000000.0,1107000000.0,1173000000.0,-998000000.0,1282000000.0,2131000000.0,5057000000.0,750000000.0,8519000000.0,0.6291040623260991,5807000000.0,0.6816527761474351
TXN,2019-06-30,quarterly,2019-07-31,True,3668000000.0,1308000000.0,2360000000.0,390000000.0,284000000.0,1.38,1.36,1305000000.0,1796000000.0,-258000000.0,-1445000000.0,93000000.0,2079000000.0,4558000000.0,1249000000.0,8486000000.0,0.64340239912759,5807000000.0,0.684303558802734
TXN,2019-09-30,quarterly,2019-10-31,True,3771000000.0,1325000000.0,2446000000.0,379000000.0,149000000.0,1.51,1.49,1425000000.0,1992000000.0,-914000000.0,-998000000.0,80000000.0,2040000000.0,5302000000.0,499000000.0,8985000000.0,0.6486343145054362,5801000000.0,0.6456316082359488
TXN,2019-12-31,quarterly,2020-02-20,True,3350000000.0,1253000000.0,2097000000.0,386000000.0,163000000.0,1.14,1.12,1070000000.0,1754000000.0,-1921000000.0,-1289000000.0,-1456000000.0,2001000000.0,5303000000.0,500000000.0,8907000000.0,0.6259701492537313,5803000000.0,0.6515100482766364
TXN,2020-03-31,quarterly,2020-04-22,False,3329000000.0,1241000000.0,2088000000.0,377000000.0,161000000.0,1.25,1.24,1174000000.0,851000000.0,826000000.0,-1596000000.0,81000000.0,2003000000.0,5499000000.0,1051000000.0,7734000000.0,0.6272153799939922,6550000000.0,0.8469097491595552
TXN,2020-06-30,quarterly,2020-07-22,True,3239000000.0,1157000000.0,2082000000.0,379000000.0,130000000.0,1.5,1.48,1380000000.0,1720000000.0,1437000000.0,-1381000000.0,1776000000.0,2136000000.0,6245000000.0,551000000.0,7644000000.0,0.642790984871874,6796000000.0,0.8890633176347462
TXN,2020-09-30,quarterly,2020-10-21,True,3817000000.0,1364000000.0,2453000000.0,386000000.0,146000000.0,1.47,1.45,1353000000.0,1443000000.0,-2189000000.0,-726000000.0,-1472000000.0,2072000000.0,6247000000.0,550000000.0,8325000000.0,0.6426512968299711,6797000000.0,0.8164564564564565
TXN,2020-12-31,quarterly,2021-02-05,True,4076000000.0,1430000000.0,2646000000.0,388000000.0,212000000.0,1.83,1.8,1688000000.0,2125000000.0,-996000000.0,-844000000.0,285000000.0,1955000000.0,6248000000.0,550000000.0,9187000000.0,0.6491658488714426,6798000000.0,0.7399586372047459
TXN,2021-03-31,quarterly,2021-04-28,False,4289000000.0,1492000000.0,2797000000.0,386000000.0,308000000.0,1.89,1.87,1753000000.0,1850000000.0,-1109000000.0,-1406000000.0,-665000000.0,1890000000.0,6250000000.0,0.0,10166000000.0,0.6521333644206109,6250000000.0,0.614794412748377
TXN,2021-06-30,quarterly,2021-07-22,True,4580000000.0,1503000000.0,3077000000.0,391000000.0,386000000.0,2.08,2.05,1931000000.0,2121000000.0,127000000.0,-1041000000.0,1207000000.0,1856000000.0,5752000000.0,499000000.0,11153000000.0,0.6718340611353711,6251000000.0,0.5604770017035775
TXN,2021-09-30,quarterly,2021-10-27,True,4643000000.0,1491000000.0,3152000000.0,388000000.0,486000000.0,2.1,2.07,1947000000.0,2428000000.0,-884000000.0,470000000.0,2014000000.0,1863000000.0,7239000000.0,500000000.0,12151000000.0,0.6788714193409433,7739000000.0,0.6369023125668669
TXN,2021-12-31,quarterly,2022-02-04,True,4832000000.0,1482000000.0,3350000000.0,389000000.0,1282000000.0,2.3000000000000007,2.2699999999999996,2138000000.0,2357000000.0,-2229000000.0,-1160000000.0,-1032000000.0,1910000000.0,7241000000.0,500000000.0,13333000000.0,0.6932947019867549,7741000000.0,0.5805895147378685
TXN,2022-03-31,quarterly,2022-04-27,False,4905000000.0,1463000000.0,3442000000.0,391000000.0,443000000.0,2.37,2.35,2201000000.0,2144000000.0,-1668000000.0,-1602000000.0,-1126000000.0,2060000000.0,7242000000.0,500000000.0,14017000000.0,0.7017329255861366,7742000000.0,0.5523293144039381
TXN,2022-06-30,quarterly,2022-07-27,True,5212000000.0,1587000000.0,3625000000.0,414000000.0,597000000.0,2.48,2.45,2291000000.0,1768000000.0,1225000000.0,-2696000000.0,297000000.0,2199000000.0,6745000000.0,499000000.0,14092000000.0,0.695510360706063,7244000000.0,0.5140505251206359
TXN,2022-09-30,quarterly,2022-10-26,True,5241000000.0,1624000000.0,3617000000.0,431000000.0,790000000.0,2.5,2.47,2295000000.0,2766000000.0,-2113000000.0,-1286000000.0,-633000000.0,2404000000.0,7438000000.0,499000000.0,14507000000.0,0.6901354703300897,7937000000.0,0.5471151857723857
TXN,2022-12-31,quarterly,2023-02-03,True,4670000000.0,1583000000.0,3087000000.0,434000000.0,967000000.0,2.16,2.1400000000000006,1962000000.0,2042000000.0,-1027000000.0,-1134000000.0,-119000000.0,2757000000.0,8235000000.0,500000000.0,14577000000.0,0.6610278372591006,8735000000.0,0.5992316663236605
TXN,2023-03-31,quarterly,2023-04-26,False,4379000000.0,1516000000.0,2863000000.0,455000000.0,982000000.0,1.87,1.85,1708000000.0,1160000000.0,28000000.0,239000000.0,1427000000.0,3288000000.0,9626000000.0,500000000.0,15243000000.0,0.6538022379538707,10126000000.0,0.6643049268516696
TXN,2023-06-30,quarterly,2023-07-26,True,4531000000.0,1621000000.0,2910000000.0,477000000.0,1446000000.0,1.89,1.87,1722000000.0,1399000000.0,-2385000000.0,-52000000.0,-1038000000.0,3729000000.0,10920000000.0,299000000.0,15940000000.0,0.6422423306113441,11219000000.0,0.7038268506900879
TXN,2023-09-30,quarterly,2023-10-25,True,4532000000.0,1717000000.0,2815000000.0,471000000.0,1495000000.0,1.87,1.85,1709000000.0,1937000000.0,-1694000000.0,-1116000000.0,-873000000.0,3908000000.0,10922000000.0,300000000.0,16631000000.0,0.6211385701676964,11222000000.0,0.6747639949491913
TXN,2023-12-31,quarterly,2024-02-02,True,4077000000.0,1646000000.0,2431000000.0,460000000.0,1148000000.0,1.5,1.4900000000000002,1371000000.0,1924000000.0,-311000000.0,-1215000000.0,398000000.0,3999000000.0,10624000000.0,599000000.0,16897000000.0,0.5962717684571989,11223000000.0,0.6642007456945019
TXN,2024-03-31,quarterly,2024-04-24,False,3661000000.0,1566000000.0,2095000000.0,478000000.0,1248000000.0,1.21,1.2,1105000000.0,1017000000.0,-3329000000.0,1831000000.0,-481000000.0,4083000000.0,12840000000.0,1349000000.0,16983000000.0,0.5722480196667578,14189000000.0,0.8354825413648943
TXN,2024-06-30,quarterly,2024-07-24,True,3822000000.0,1611000000.0,2211000000.0,498000000.0,1064000000.0,1.23,1.22,1127000000.0,1571000000.0,0.0,-1314000000.0,257000000.0,4106000000.0,12842000000.0,1049000000.0,17214000000.0,0.5784929356357927,13891000000.0,0.8069594516091554
TXN,2024-09-30,quarterly,2024-10-23,True,4151000000.0,1677000000.0,2474000000.0,492000000.0,1316000000.0,1.48,1.47,1362000000.0,1732000000.0,-487000000.0,-1396000000.0,-151000000.0,4296000000.0,12844000000.0,1049000000.0,17268000000.0,0.5960009636232233,13893000000.0,0.8045517720639332
TXN,2024-12-31,quarterly,2025-02-14,True,4007000000.0,1693000000.0,2314000000.0,491000000.0,1192000000.0,1.3200000000000003,1.31,1205000000.0,1998000000.0,614000000.0,-2001000000.0,611000000.0,4527000000.0,12846000000.0,750000000.0,16903000000.0,0.5774893935612678,13596000000.0,0.804354256640833
TXN,2025-03-31,quarterly,2025-04-24,False,4069000000.0,1756000000.0,2313000000.0,517000000.0,1123000000.0,1.29,1.28,1179000000.0,849000000.0,1253000000.0,-2539000000.0,-437000000.0,4687000000.0,12848000000.0,0.0,16406000000.0,0.5684443352174982,12848000000.0,0.7831281238571255
TXN,2025-06-30,quarterly,2025-07-29,True,4448000000.0,1873000000.0,2575000000.0,527000000.0,1305000000.0,1.42,1.41,1295000000.0,1860000000.0,-1335000000.0,-244000000.0,281000000.0,4812000000.0,14043000000.0,0.0,16403000000.0,0.5789118705035972,14043000000.0,0.8561238797780893
TXN,2025-09-30,quarterly,2025-10-23,True,4742000000.0,2019000000.0,2723000000.0,518000000.0,1197000000.0,1.49,1.48,1364000000.0,2190000000.0,-681000000.0,-1242000000.0,267000000.0,4829000000.0,13546000000.0,500000000.0,16627000000.0,0.5742302825811894,14046000000.0,0.8447705539183256
TXN,2025-12-31,quarterly,2026-02-06,True,4423000000.0,1951000000.0,2472000000.0,521000000.0,925000000.0,1.2699999999999996,1.2700000000000005,1163000000.0,2254000000.0,-676000000.0,-1664000000.0,-86000000.0,4804000000.0,13548000000.0,500000000.0,16273000000.0,0.5588966764639385,14048000000.0,0.8632704479813188
TXN,2026-03-31,quarterly,2026-04-24,False,4825000000.0,2026000000.0,2799000000.0,510000000.0,676000000.0,1.69,1.68,1545000000.0,1520000000.0,-47000000.0,-1149000000.0,324000000.0,4695000000.0,12901000000.0,1149000000.0,16778000000.0,0.5801036269430052,14050000000.0,0.8374061270711646
TXN,2026-06-30,quarterly,2026-07-24,True,5463000000.0,2111000000.0,3352000000.0,535000000.0,514000000.0,2.16,2.14,1980000000.0,2703000000.0,-1702000000.0,-890000000.0,111000000.0,4605000000.0,12903000000.0,1149000000.0,18007000000.0,0.6135822807980963,14052000000.0,0.7803631920919643
TXN,2015-12-31,annual,2016-02-24,False,13000000000.0,5440000000.0,7560000000.0,1280000000.0,551000000.0,2.86,2.82,2986000000.0,4268000000.0,-302000000.0,-4165000000.0,-199000000.0,1691000000.0,3120000000.0,1000000000.0,9946000000.0,0.5815384615384616,4120000000.0,0.41423687914739593
TXN,2016-12-31,annual,2017-02-23,False,13370000000.0,5130000000.0,8240000000.0,1370000000.0,531000000.0,3.54,3.48,3595000000.0,4614000000.0,-650000000.0,-3810000000.0,154000000.0,1790000000.0,2978000000.0,631000000.0,10473000000.0,0.6163051608077786,3609000000.0,0.34460040103122314
TXN,2017-12-31,annual,2018-02-22,False,14961000000.0,5347000000.0,9614000000.0,1508000000.0,695000000.0,3.68,3.61,3682000000.0,5363000000.0,-1127000000.0,-3734000000.0,502000000.0,1957000000.0,3577000000.0,500000000.0,10337000000.0,0.642604104003743,4077000000.0,0.3944084357163587
TXN,2018-12-31,annual,2019-02-22,False,15784000000.0,5507000000.0,10277000000.0,1559000000.0,1131000000.0,5.71,5.59,5580000000.0,7189000000.0,-78000000.0,-6329000000.0,782000000.0,2217000000.0,4319000000.0,749000000.0,8994000000.0,0.6511023821591485,5068000000.0,0.5634867689570825
TXN,2019-12-31,annual,2020-02-20,False,14383000000.0,5219000000.0,9164000000.0,1544000000.0,847000000.0,5.33,5.24,5017000000.0,6649000000.0,-1920000000.0,-4730000000.0,-1000000.0,2001000000.0,5303000000.0,500000000.0,8907000000.0,0.6371410693179448,5803000000.0,0.6515100482766364
TXN,2020-12-31,annual,2021-02-05,False,14461000000.0,5192000000.0,9269000000.0,1530000000.0,649000000.0,6.05,5.97,5595000000.0,6139000000.0,-922000000.0,-4547000000.0,670000000.0,1955000000.0,6248000000.0,550000000.0,9187000000.0,0.6409653550930088,6798000000.0,0.7399586372047459
TXN,2021-12-31,annual,2022-02-04,False,18344000000.0,5968000000.0,12376000000.0,1554000000.0,2462000000.0,8.38,8.26,7769000000.0,8756000000.0,-4095000000.0,-3137000000.0,1524000000.0,1910000000.0,7241000000.0,500000000.0,13333000000.0,0.6746620148277366,7741000000.0,0.5805895147378685
TXN,2022-12-31,annual,2023-02-03,False,20028000000.0,6257000000.0,13771000000.0,1670000000.0,2797000000.0,9.51,9.41,8749000000.0,8720000000.0,-3583000000.0,-6718000000.0,-1581000000.0,2757000000.0,8235000000.0,500000000.0,14577000000.0,0.6875873776712602,8735000000.0,0.5992316663236605
TXN,2023-12-31,annual,2024-02-02,False,17519000000.0,6500000000.0,11019000000.0,1863000000.0,5071000000.0,7.13,7.07,6510000000.0,6420000000.0,-4362000000.0,-2144000000.0,-86000000.0,3999000000.0,10624000000.0,599000000.0,16897000000.0,0.628974256521491,11223000000.0,0.6642007456945019
TXN,2024-12-31,annual,2025-02-14,False,15641000000.0,6547000000.0,9094000000.0,1959000000.0,4820000000.0,5.24,5.2,4799000000.0,6318000000.0,-3202000000.0,-2880000000.0,236000000.0,4527000000.0,12846000000.0,750000000.0,16903000000.0,0.5814206252797136,13596000000.0,0.804354256640833
TXN,2025-12-31,annual,2026-02-06,False,17682000000.0,7599000000.0,10083000000.0,2083000000.0,4550000000.0,5.47,5.45,5001000000.0,7153000000.0,-1439000000.0,-5689000000.0,25000000.0,4804000000.0,13548000000.0,500000000.0,16273000000.0,0.5702409229725144,14048000000.0,0.8632704479813188
