Model,Candidate,Mean RMSE,Std RMSE,Mean MAE,Mean R2,Mean Directional Accuracy,Mean Fit Seconds,Parameters
Linear Regression,2,0.06724045066428055,0.009438891838446695,0.05032523840717738,-0.364788557115331,0.5147205588822356,0.12843961715698243,{'fit_intercept': False}
Linear Regression,1,0.06724045066428055,0.009438891838446714,0.0503252384071774,-0.3647885571153312,0.5147205588822356,0.12359671592712403,{'fit_intercept': True}
Ridge Regression,6,0.06030291643040253,0.008311155211202216,0.04460123359203018,-0.07828437226169047,0.5285429141716567,0.10612788200378417,{'alpha': 1000}
Ridge Regression,5,0.06483266726711487,0.010178072910251749,0.04857994432832726,-0.2568595302692894,0.5226047904191617,0.10347294807434082,{'alpha': 100}
Ridge Regression,4,0.0664666663488513,0.010186386108611,0.04992206198501411,-0.33371740423024127,0.5152694610778443,0.10371870994567871,{'alpha': 10}
Ridge Regression,3,0.06651299087864451,0.00970273221307556,0.04984439980254972,-0.33403923277187064,0.5144710578842315,0.10407886505126954,{'alpha': 1}
Ridge Regression,2,0.06691522496145116,0.009570796802625577,0.05009764282655238,-0.35032572628787223,0.5140718562874251,0.10062408447265625,{'alpha': 0.1}
Ridge Regression,1,0.06718947252813891,0.009458306930009817,0.050289339015305176,-0.36246912286104194,0.5147205588822356,0.1122802734375,{'alpha': 0.01}
Random Forest,18,0.058315780735861744,0.006734088173175283,0.04290711306514759,-0.01227340003472106,0.5427644710578842,2.565346670150757,"{'n_estimators': 250, 'min_samples_split': 10, 'min_samples_leaf': 8, 'max_samples': 0.6, 'max_features': 'log2', 'max_depth': 3}"
Random Forest,3,0.05832279299938956,0.006669686910296944,0.04294778728619367,-0.012744639173360306,0.544311377245509,1.8506736755371094,"{'n_estimators': 150, 'min_samples_split': 2, 'min_samples_leaf': 2, 'max_samples': 0.7, 'max_features': 'log2', 'max_depth': 3}"
Random Forest,21,0.058442632843205,0.006838000510147558,0.04300977110670014,-0.01634537847500852,0.5429640718562874,8.48741307258606,"{'n_estimators': 500, 'min_samples_split': 10, 'min_samples_leaf': 75, 'max_samples': 0.8, 'max_features': 'log2', 'max_depth': 5}"
Random Forest,4,0.05860490302579143,0.006694843552237852,0.04316150486853091,-0.022665983238330044,0.5408183632734531,6.556281900405883,"{'n_estimators': 350, 'min_samples_split': 10, 'min_samples_leaf': 8, 'max_samples': 0.9, 'max_features': 'log2', 'max_depth': 5}"
Random Forest,22,0.05865410294737833,0.006609774040792047,0.043185037519887684,-0.024888084866378123,0.5413173652694611,8.038924837112427,"{'n_estimators': 500, 'min_samples_split': 10, 'min_samples_leaf': 1, 'max_samples': 0.7, 'max_features': 'log2', 'max_depth': 5}"
Random Forest,12,0.05866414829031076,0.006825316787160974,0.04319609569046938,-0.024246568982909777,0.5367265469061876,10.28498034477234,"{'n_estimators': 350, 'min_samples_split': 2, 'min_samples_leaf': 75, 'max_samples': 0.7, 'max_features': 'log2', 'max_depth': None}"
Random Forest,28,0.05868756150140834,0.006839488206394331,0.04323205886914495,-0.025048812324573854,0.542315369261477,9.526343059539794,"{'n_estimators': 350, 'min_samples_split': 5, 'min_samples_leaf': 75, 'max_samples': 0.7, 'max_features': 'sqrt', 'max_depth': 7}"
Random Forest,8,0.058745268784686555,0.0068084813085818735,0.04325243938860697,-0.027181238747653637,0.5383233532934131,12.172384452819824,"{'n_estimators': 350, 'min_samples_split': 20, 'min_samples_leaf': 75, 'max_samples': 0.8, 'max_features': 'log2', 'max_depth': None}"
Random Forest,11,0.05885096202420044,0.006766752732212027,0.043367693698058124,-0.03113594249390501,0.5416167664670659,7.452112102508545,"{'n_estimators': 350, 'min_samples_split': 5, 'min_samples_leaf': 12, 'max_samples': 0.7, 'max_features': 'sqrt', 'max_depth': 5}"
Random Forest,17,0.05899096149637408,0.006663355899544408,0.04358665385589655,-0.03672767761201119,0.5405189620758484,7.916522026062012,"{'n_estimators': 250, 'min_samples_split': 5, 'min_samples_leaf': 1, 'max_samples': 0.8, 'max_features': 0.3, 'max_depth': 3}"
Random Forest,24,0.05995228063760558,0.006822140434145205,0.04428806390561172,-0.07172211565866937,0.5349800399201596,4.806912851333618,"{'n_estimators': 150, 'min_samples_split': 10, 'min_samples_leaf': 8, 'max_samples': 0.6, 'max_features': 'log2', 'max_depth': 12}"
Random Forest,20,0.06011229123023683,0.007078617913588434,0.04460764913348836,-0.07905955940744314,0.5403193612774452,13.33606505393982,"{'n_estimators': 250, 'min_samples_split': 15, 'min_samples_leaf': 4, 'max_samples': 0.8, 'max_features': 0.5, 'max_depth': 3}"
Random Forest,23,0.060698830645058856,0.007656331472814442,0.04503827150546454,-0.09736807054227388,0.5383732534930139,9.915245485305785,"{'n_estimators': 150, 'min_samples_split': 2, 'min_samples_leaf': 75, 'max_samples': 0.6, 'max_features': 0.5, 'max_depth': 5}"
Random Forest,10,0.060942931176961125,0.0071085346493951415,0.04509927711094276,-0.11166218765354392,0.5358782435129741,14.68657832145691,"{'n_estimators': 350, 'min_samples_split': 10, 'min_samples_leaf': 4, 'max_samples': 0.6, 'max_features': 'sqrt', 'max_depth': 12}"
Random Forest,9,0.06095315380494719,0.007729885656173084,0.04529554454918904,-0.11377032309321566,0.5404191616766466,14.54064064025879,"{'n_estimators': 250, 'min_samples_split': 5, 'min_samples_leaf': 30, 'max_samples': 1.0, 'max_features': 0.3, 'max_depth': 5}"
Random Forest,1,0.06192912909749391,0.007750360824087283,0.04605878008092096,-0.1460016415950843,0.5304890219560878,68.79483528137207,"{'n_estimators': 350, 'min_samples_split': 15, 'min_samples_leaf': 75, 'max_samples': 0.9, 'max_features': 0.5, 'max_depth': None}"
Random Forest,5,0.06244977564951153,0.0075040518728548555,0.04635951253154773,-0.17148561647465996,0.5268463073852294,52.566546773910524,"{'n_estimators': 500, 'min_samples_split': 15, 'min_samples_leaf': 1, 'max_samples': 1.0, 'max_features': 'sqrt', 'max_depth': None}"
Random Forest,27,0.06288415149085727,0.009860061924510203,0.046908631237971433,-0.19898486529928622,0.5364770459081836,10.16217360496521,"{'n_estimators': 150, 'min_samples_split': 20, 'min_samples_leaf': 12, 'max_samples': 0.6, 'max_features': 0.5, 'max_depth': 5}"
Random Forest,13,0.0630850009616879,0.00879163104246849,0.046816361866060294,-0.2014783264062509,0.5358283433133733,47.55810136795044,"{'n_estimators': 500, 'min_samples_split': 2, 'min_samples_leaf': 1, 'max_samples': 0.9, 'max_features': 0.3, 'max_depth': 9}"
Random Forest,16,0.06359889537339411,0.0103785984171457,0.04743168271381553,-0.23165694361598796,0.5256487025948104,68.2825161933899,"{'n_estimators': 350, 'min_samples_split': 2, 'min_samples_leaf': 8, 'max_samples': 1.0, 'max_features': 1.0, 'max_depth': 5}"
Random Forest,2,0.06376071719771928,0.010544237684121143,0.04768947200680486,-0.23858693579051188,0.5258483033932135,97.2183030128479,"{'n_estimators': 500, 'min_samples_split': 15, 'min_samples_leaf': 30, 'max_samples': 0.8, 'max_features': 0.7, 'max_depth': 9}"
Random Forest,15,0.06377277235361245,0.010208501836153792,0.047402787727283194,-0.23605433391628913,0.535129740518962,115.74823603630065,"{'n_estimators': 500, 'min_samples_split': 2, 'min_samples_leaf': 8, 'max_samples': 1.0, 'max_features': 0.7, 'max_depth': 9}"
Random Forest,6,0.0638668640224172,0.010698841165984957,0.047538069787800216,-0.242443468705492,0.5281437125748504,28.053094148635864,"{'n_estimators': 150, 'min_samples_split': 5, 'min_samples_leaf': 8, 'max_samples': 0.6, 'max_features': 1.0, 'max_depth': 7}"
Random Forest,29,0.06397763899480999,0.010147999201134279,0.04753701759241831,-0.2451309595831966,0.5312375249500997,53.192244386672975,"{'n_estimators': 350, 'min_samples_split': 2, 'min_samples_leaf': 4, 'max_samples': 0.6, 'max_features': 0.5, 'max_depth': 12}"
Random Forest,25,0.06402496182391812,0.00976651457862957,0.0476866319313652,-0.24455264500983764,0.5279940119760479,213.3853714466095,"{'n_estimators': 500, 'min_samples_split': 20, 'min_samples_leaf': 8, 'max_samples': 1.0, 'max_features': 1.0, 'max_depth': 12}"
Random Forest,14,0.06427214534799348,0.01098442478899087,0.047851854530300934,-0.26221689574679524,0.5285928143712575,74.64352378845214,"{'n_estimators': 500, 'min_samples_split': 2, 'min_samples_leaf': 2, 'max_samples': 0.7, 'max_features': 0.7, 'max_depth': 7}"
Random Forest,19,0.06434362975490851,0.010812230393203233,0.048054658505990486,-0.26283222451880695,0.5283433133732535,59.288941621780396,"{'n_estimators': 250, 'min_samples_split': 15, 'min_samples_leaf': 12, 'max_samples': 0.7, 'max_features': 0.5, 'max_depth': None}"
Random Forest,7,0.0644697309838271,0.012032612944732601,0.048178883313445185,-0.2759366192046864,0.531686626746507,19.688527250289916,"{'n_estimators': 150, 'min_samples_split': 5, 'min_samples_leaf': 12, 'max_samples': 0.6, 'max_features': 0.7, 'max_depth': 7}"
Random Forest,26,0.06462806166107213,0.010521299537214165,0.04805565807835037,-0.27566224646336923,0.5313373253493013,59.61001358032227,"{'n_estimators': 250, 'min_samples_split': 10, 'min_samples_leaf': 2, 'max_samples': 0.7, 'max_features': 0.7, 'max_depth': 12}"
Random Forest,30,0.06532165409128092,0.010165487827863428,0.048722231534696826,-0.30036038967290973,0.5286926147704591,122.36748514175414,"{'n_estimators': 250, 'min_samples_split': 15, 'min_samples_leaf': 1, 'max_samples': 0.9, 'max_features': 0.7, 'max_depth': None}"
XGBoost,25,0.059177708930121496,0.007045457738235452,0.043829202953643856,-0.04244552211752219,0.5424151696606787,0.7140907287597656,"{'subsample': 0.8, 'reg_lambda': 5.0, 'n_estimators': 250, 'min_child_weight': 1, 'max_depth': 3, 'learning_rate': 0.01, 'gamma': 0.2, 'colsample_bytree': 1.0}"
XGBoost,1,0.05936520962881048,0.007086890343468178,0.04399692860935088,-0.049424395664866894,0.5359281437125748,0.7196675777435303,"{'subsample': 0.9, 'reg_lambda': 5.0, 'n_estimators': 250, 'min_child_weight': 1, 'max_depth': 4, 'learning_rate': 0.01, 'gamma': 0.2, 'colsample_bytree': 1.0}"
XGBoost,2,0.05987755620126793,0.00718600996439974,0.04438177397107106,-0.06921549486538656,0.542315369261477,0.6437741279602051,"{'subsample': 0.6, 'reg_lambda': 5.0, 'n_estimators': 250, 'min_child_weight': 3, 'max_depth': 8, 'learning_rate': 0.03, 'gamma': 0.1, 'colsample_bytree': 0.6}"
XGBoost,14,0.06022529553381602,0.007580221955238003,0.04479256248021154,-0.0818535658758609,0.5403193612774452,0.41328887939453124,"{'subsample': 1.0, 'reg_lambda': 0.5, 'n_estimators': 150, 'min_child_weight': 8, 'max_depth': 8, 'learning_rate': 0.05, 'gamma': 0.2, 'colsample_bytree': 1.0}"
XGBoost,18,0.060241635071706344,0.007193635083163441,0.04468591810008988,-0.08432918125430358,0.535379241516966,0.7550308227539062,"{'subsample': 0.6, 'reg_lambda': 2.0, 'n_estimators': 350, 'min_child_weight': 3, 'max_depth': 6, 'learning_rate': 0.03, 'gamma': 0.1, 'colsample_bytree': 0.7}"
XGBoost,7,0.06064744929232211,0.007020348147051302,0.044935181881762834,-0.09946205421249243,0.53687624750499,1.523019790649414,"{'subsample': 0.6, 'reg_lambda': 0.5, 'n_estimators': 250, 'min_child_weight': 1, 'max_depth': 3, 'learning_rate': 0.01, 'gamma': 0.0, 'colsample_bytree': 0.9}"
XGBoost,20,0.06100195414686449,0.007937944942641911,0.04541615167268272,-0.11433141567009833,0.5394211576846307,1.2359998226165771,"{'subsample': 0.6, 'reg_lambda': 0.5, 'n_estimators': 250, 'min_child_weight': 5, 'max_depth': 5, 'learning_rate': 0.01, 'gamma': 0.1, 'colsample_bytree': 0.8}"
XGBoost,24,0.06102097126339558,0.007923231548609895,0.045429989069413444,-0.11511127766554183,0.5399700598802395,1.0176161766052245,"{'subsample': 0.6, 'reg_lambda': 1.0, 'n_estimators': 350, 'min_child_weight': 8, 'max_depth': 5, 'learning_rate': 0.01, 'gamma': 0.1, 'colsample_bytree': 0.8}"
XGBoost,26,0.06110636420804553,0.007809789791891613,0.04551135741992395,-0.12079140850725781,0.5360279441117765,1.2175079822540282,"{'subsample': 1.0, 'reg_lambda': 1.0, 'n_estimators': 350, 'min_child_weight': 3, 'max_depth': 5, 'learning_rate': 0.05, 'gamma': 0.1, 'colsample_bytree': 0.8}"
XGBoost,15,0.06125896775521188,0.007646692223364029,0.04558356817553944,-0.1243262671506699,0.5348303393213574,0.6426809310913086,"{'subsample': 0.7, 'reg_lambda': 2.0, 'n_estimators': 350, 'min_child_weight': 8, 'max_depth': 5, 'learning_rate': 0.1, 'gamma': 0.1, 'colsample_bytree': 0.7}"
XGBoost,5,0.06131831622194746,0.008174458163472158,0.04569523871024713,-0.12870370708725684,0.5362275449101797,0.647154712677002,"{'subsample': 1.0, 'reg_lambda': 5.0, 'n_estimators': 250, 'min_child_weight': 5, 'max_depth': 8, 'learning_rate': 0.05, 'gamma': 0.1, 'colsample_bytree': 1.0}"
XGBoost,22,0.0614291121706345,0.0076196501624203735,0.04558605749374622,-0.13152251503977963,0.5324351297405189,0.9359969139099121,"{'subsample': 0.6, 'reg_lambda': 5.0, 'n_estimators': 350, 'min_child_weight': 5, 'max_depth': 4, 'learning_rate': 0.03, 'gamma': 0.05, 'colsample_bytree': 0.8}"
XGBoost,19,0.06155327998889489,0.00815690708560838,0.04585334727909801,-0.13407220512903795,0.5334830339321357,0.8198097229003907,"{'subsample': 0.7, 'reg_lambda': 0.5, 'n_estimators': 250, 'min_child_weight': 1, 'max_depth': 3, 'learning_rate': 0.05, 'gamma': 0.1, 'colsample_bytree': 0.8}"
XGBoost,17,0.0618617531881379,0.008429953049696412,0.046179784577962055,-0.15517498481581135,0.5356287425149701,0.5260668754577636,"{'subsample': 0.9, 'reg_lambda': 0.5, 'n_estimators': 250, 'min_child_weight': 1, 'max_depth': 3, 'learning_rate': 0.05, 'gamma': 0.1, 'colsample_bytree': 0.6}"
XGBoost,11,0.061891007730139544,0.007661260942715221,0.04605554504946364,-0.14810756492820393,0.5351297405189621,0.8040290832519531,"{'subsample': 1.0, 'reg_lambda': 2.0, 'n_estimators': 500, 'min_child_weight': 1, 'max_depth': 4, 'learning_rate': 0.1, 'gamma': 0.05, 'colsample_bytree': 0.7}"
XGBoost,4,0.06217552200798473,0.007345293360330221,0.046248502980233565,-0.15870993246042922,0.5140219560878243,6.3551160335540775,"{'subsample': 1.0, 'reg_lambda': 2.0, 'n_estimators': 150, 'min_child_weight': 1, 'max_depth': 8, 'learning_rate': 0.01, 'gamma': 0.0, 'colsample_bytree': 1.0}"
XGBoost,12,0.06246320021236641,0.008698197226149916,0.04655350238522398,-0.17736380934504906,0.5418163672654689,0.938002634048462,"{'subsample': 0.9, 'reg_lambda': 5.0, 'n_estimators': 350, 'min_child_weight': 3, 'max_depth': 6, 'learning_rate': 0.05, 'gamma': 0.05, 'colsample_bytree': 0.9}"
XGBoost,6,0.062496752478811826,0.008760458862395813,0.046666916789091906,-0.17880367408916667,0.5281437125748503,3.1231220722198487,"{'subsample': 0.9, 'reg_lambda': 1.0, 'n_estimators': 250, 'min_child_weight': 5, 'max_depth': 8, 'learning_rate': 0.01, 'gamma': 0.05, 'colsample_bytree': 1.0}"
XGBoost,23,0.06255536972592142,0.008391320116178911,0.04651283049142803,-0.17361055312603088,0.5347305389221557,1.5495219707489014,"{'subsample': 0.6, 'reg_lambda': 5.0, 'n_estimators': 500, 'min_child_weight': 5, 'max_depth': 4, 'learning_rate': 0.1, 'gamma': 0.05, 'colsample_bytree': 0.8}"
XGBoost,21,0.06262359368758988,0.00770501518504478,0.046554318765682105,-0.17731920939747478,0.5335828343313374,2.6921858310699465,"{'subsample': 1.0, 'reg_lambda': 1.0, 'n_estimators': 350, 'min_child_weight': 3, 'max_depth': 5, 'learning_rate': 0.01, 'gamma': 0.0, 'colsample_bytree': 0.6}"
XGBoost,13,0.06271804048614608,0.009032903681386576,0.04682939509646738,-0.18850590068929787,0.5336826347305388,1.2836741924285888,"{'subsample': 0.8, 'reg_lambda': 1.0, 'n_estimators': 150, 'min_child_weight': 3, 'max_depth': 5, 'learning_rate': 0.05, 'gamma': 0.05, 'colsample_bytree': 1.0}"
XGBoost,16,0.06278418257534528,0.008879558242240236,0.046833364292620194,-0.1897050932321444,0.5298902195608782,1.5498251438140869,"{'subsample': 0.9, 'reg_lambda': 0.5, 'n_estimators': 250, 'min_child_weight': 3, 'max_depth': 6, 'learning_rate': 0.03, 'gamma': 0.05, 'colsample_bytree': 0.8}"
XGBoost,28,0.06355625839077803,0.007978113004117252,0.047317261292080505,-0.21555801640273403,0.5336327345309382,4.6892167091369625,"{'subsample': 0.6, 'reg_lambda': 5.0, 'n_estimators': 500, 'min_child_weight': 8, 'max_depth': 5, 'learning_rate': 0.01, 'gamma': 0.0, 'colsample_bytree': 1.0}"
XGBoost,3,0.06376801086703651,0.006652376201339683,0.04737301672436017,-0.22322768842151125,0.5325349301397206,4.013178205490112,"{'subsample': 0.6, 'reg_lambda': 0.5, 'n_estimators': 500, 'min_child_weight': 5, 'max_depth': 5, 'learning_rate': 0.01, 'gamma': 0.0, 'colsample_bytree': 0.6}"
XGBoost,8,0.06566529321523137,0.0077112183317157796,0.04898475826751999,-0.30159003925010885,0.5306886227544909,0.7555049896240235,"{'subsample': 0.7, 'reg_lambda': 1.0, 'n_estimators': 150, 'min_child_weight': 5, 'max_depth': 4, 'learning_rate': 0.05, 'gamma': 0.0, 'colsample_bytree': 0.8}"
XGBoost,29,0.0657160813864766,0.008447290261047858,0.04903338323227229,-0.2954368257672151,0.5260978043912174,1.362954568862915,"{'subsample': 1.0, 'reg_lambda': 0.5, 'n_estimators': 150, 'min_child_weight': 3, 'max_depth': 5, 'learning_rate': 0.03, 'gamma': 0.0, 'colsample_bytree': 1.0}"
XGBoost,9,0.06744034540635546,0.006423084833840129,0.0505974516530623,-0.36486267223559954,0.5137724550898204,5.457153606414795,"{'subsample': 0.6, 'reg_lambda': 1.0, 'n_estimators': 250, 'min_child_weight': 5, 'max_depth': 8, 'learning_rate': 0.1, 'gamma': 0.0, 'colsample_bytree': 0.6}"
XGBoost,27,0.0703561737557398,0.008625865049644979,0.05302879690776824,-0.4927274724325791,0.519810379241517,1.039680290222168,"{'subsample': 0.7, 'reg_lambda': 2.0, 'n_estimators': 250, 'min_child_weight': 5, 'max_depth': 4, 'learning_rate': 0.1, 'gamma': 0.0, 'colsample_bytree': 0.6}"
XGBoost,30,0.07087772007861039,0.009079563479788352,0.05318948891152533,-0.5108021894507322,0.5212574850299401,13.498666667938233,"{'subsample': 1.0, 'reg_lambda': 0.5, 'n_estimators': 500, 'min_child_weight': 5, 'max_depth': 8, 'learning_rate': 0.1, 'gamma': 0.0, 'colsample_bytree': 0.9}"
XGBoost,10,0.07234807998268714,0.008400888096893468,0.0544566306918998,-0.5714165045483062,0.5122255489021955,5.107078790664673,"{'subsample': 0.7, 'reg_lambda': 1.0, 'n_estimators': 500, 'min_child_weight': 3, 'max_depth': 5, 'learning_rate': 0.1, 'gamma': 0.0, 'colsample_bytree': 0.9}"
LightGBM,28,0.060552056028037204,0.007421336361599844,0.044936186033669015,-0.0960821039531607,0.5389221556886227,1.021120309829712,"{'subsample': 0.9, 'reg_lambda': 5.0, 'num_leaves': 15, 'n_estimators': 250, 'min_child_samples': 30, 'max_depth': 3, 'learning_rate': 0.01, 'colsample_bytree': 1.0}"
LightGBM,14,0.060553138342255286,0.007424975699203449,0.045037042381317324,-0.09715195285445102,0.5356786427145709,0.5025454044342041,"{'subsample': 0.7, 'reg_lambda': 5.0, 'num_leaves': 15, 'n_estimators': 150, 'min_child_samples': 10, 'max_depth': 5, 'learning_rate': 0.01, 'colsample_bytree': 0.8}"
LightGBM,15,0.060697268650788706,0.007579992938100506,0.0450897246642309,-0.09838839546986984,0.5431636726546907,1.0556439399719237,"{'subsample': 0.6, 'reg_lambda': 5.0, 'num_leaves': 15, 'n_estimators': 150, 'min_child_samples': 30, 'max_depth': -1, 'learning_rate': 0.01, 'colsample_bytree': 0.8}"
LightGBM,4,0.06150780002888976,0.007359225869703445,0.04578685252895916,-0.13440928560897786,0.5270958083832336,1.0957046031951905,"{'subsample': 1.0, 'reg_lambda': 2.0, 'num_leaves': 127, 'n_estimators': 150, 'min_child_samples': 50, 'max_depth': 10, 'learning_rate': 0.01, 'colsample_bytree': 0.9}"
LightGBM,19,0.06158913576179873,0.007467870587795467,0.04575381376313172,-0.13358851745538827,0.5379241516966069,1.3161572456359862,"{'subsample': 0.7, 'reg_lambda': 1.0, 'num_leaves': 15, 'n_estimators': 250, 'min_child_samples': 20, 'max_depth': 7, 'learning_rate': 0.01, 'colsample_bytree': 0.6}"
LightGBM,23,0.061674973975111694,0.007897017129343119,0.04574483333837063,-0.13909781057845422,0.5408183632734531,0.7223806381225586,"{'subsample': 0.9, 'reg_lambda': 0.5, 'num_leaves': 15, 'n_estimators': 350, 'min_child_samples': 30, 'max_depth': 3, 'learning_rate': 0.01, 'colsample_bytree': 1.0}"
LightGBM,29,0.06236294598621076,0.007808987269325285,0.04628005332672993,-0.16778584690671314,0.5438622754491018,0.838707447052002,"{'subsample': 0.8, 'reg_lambda': 5.0, 'num_leaves': 31, 'n_estimators': 500, 'min_child_samples': 30, 'max_depth': 3, 'learning_rate': 0.01, 'colsample_bytree': 0.6}"
LightGBM,2,0.06325648107724677,0.007107813003664767,0.046990764629332465,-0.20164224786524435,0.5417165668662676,0.403240442276001,"{'subsample': 0.8, 'reg_lambda': 2.0, 'num_leaves': 63, 'n_estimators': 150, 'min_child_samples': 50, 'max_depth': 3, 'learning_rate': 0.05, 'colsample_bytree': 1.0}"
LightGBM,18,0.06329368628622661,0.008019619531932415,0.047143456061094234,-0.205721274712462,0.5242015968063872,1.3719223976135253,"{'subsample': 0.6, 'reg_lambda': 0.0, 'num_leaves': 31, 'n_estimators': 250, 'min_child_samples': 30, 'max_depth': -1, 'learning_rate': 0.01, 'colsample_bytree': 0.8}"
LightGBM,16,0.06376021372995064,0.007324959118341759,0.04744601287258844,-0.2235897186907711,0.5233033932135729,4.352914094924927,"{'subsample': 1.0, 'reg_lambda': 2.0, 'num_leaves': 63, 'n_estimators': 500, 'min_child_samples': 20, 'max_depth': -1, 'learning_rate': 0.01, 'colsample_bytree': 0.6}"
LightGBM,20,0.06405159068745359,0.008870935966183886,0.04782551863299991,-0.241700201034811,0.5269461077844312,2.639437437057495,"{'subsample': 0.6, 'reg_lambda': 0.5, 'num_leaves': 63, 'n_estimators': 250, 'min_child_samples': 30, 'max_depth': 10, 'learning_rate': 0.01, 'colsample_bytree': 0.9}"
LightGBM,3,0.06431283316949953,0.007507078510404151,0.04769897522598981,-0.23695727606077854,0.5238023952095808,2.3464667797088623,"{'subsample': 0.8, 'reg_lambda': 0.5, 'num_leaves': 31, 'n_estimators': 500, 'min_child_samples': 20, 'max_depth': 5, 'learning_rate': 0.01, 'colsample_bytree': 1.0}"
LightGBM,12,0.06475591818427073,0.007023587575832748,0.04826699721855307,-0.2555345486472737,0.5256986027944112,0.4871081829071045,"{'subsample': 0.9, 'reg_lambda': 5.0, 'num_leaves': 15, 'n_estimators': 150, 'min_child_samples': 10, 'max_depth': -1, 'learning_rate': 0.05, 'colsample_bytree': 0.6}"
LightGBM,25,0.06512746901048032,0.006372746253320415,0.048494751427821704,-0.2775602887317473,0.5357784431137725,0.4927964687347412,"{'subsample': 0.9, 'reg_lambda': 0.0, 'num_leaves': 127, 'n_estimators': 150, 'min_child_samples': 50, 'max_depth': 5, 'learning_rate': 0.05, 'colsample_bytree': 0.8}"
LightGBM,7,0.06522021951853557,0.005871499183262112,0.04854346673004365,-0.2797559726833403,0.5237025948103792,1.9948009490966796,"{'subsample': 0.7, 'reg_lambda': 1.0, 'num_leaves': 127, 'n_estimators': 150, 'min_child_samples': 20, 'max_depth': 10, 'learning_rate': 0.05, 'colsample_bytree': 0.7}"
LightGBM,8,0.06535782975244162,0.006582926239846372,0.0487950224155753,-0.28759394799251287,0.5275948103792415,1.5665263175964355,"{'subsample': 0.8, 'reg_lambda': 1.0, 'num_leaves': 31, 'n_estimators': 250, 'min_child_samples': 50, 'max_depth': -1, 'learning_rate': 0.03, 'colsample_bytree': 1.0}"
LightGBM,13,0.06551788900014152,0.007236591360743353,0.04902187833862495,-0.2943010975508711,0.5245508982035928,5.8775214672088625,"{'subsample': 0.6, 'reg_lambda': 2.0, 'num_leaves': 127, 'n_estimators': 350, 'min_child_samples': 30, 'max_depth': -1, 'learning_rate': 0.03, 'colsample_bytree': 0.7}"
LightGBM,6,0.06655863829924048,0.005721409424855019,0.0495801566170959,-0.33488827562742907,0.5230538922155687,2.226007270812988,"{'subsample': 0.9, 'reg_lambda': 2.0, 'num_leaves': 63, 'n_estimators': 350, 'min_child_samples': 50, 'max_depth': 7, 'learning_rate': 0.03, 'colsample_bytree': 0.9}"
LightGBM,9,0.06667475588926108,0.006999181181999824,0.04981202677501706,-0.33873829674807465,0.5294910179640718,3.9057928562164306,"{'subsample': 0.9, 'reg_lambda': 5.0, 'num_leaves': 127, 'n_estimators': 350, 'min_child_samples': 30, 'max_depth': 10, 'learning_rate': 0.05, 'colsample_bytree': 0.8}"
LightGBM,5,0.06688655978906247,0.006314176491511382,0.04995085906805804,-0.34767613554713406,0.525499001996008,2.9069018363952637,"{'subsample': 1.0, 'reg_lambda': 0.0, 'num_leaves': 127, 'n_estimators': 350, 'min_child_samples': 50, 'max_depth': 10, 'learning_rate': 0.05, 'colsample_bytree': 0.9}"
LightGBM,10,0.06767057832369028,0.006196270490032591,0.05050403406341723,-0.38100496111853893,0.5150698602794411,3.1429888248443603,"{'subsample': 0.8, 'reg_lambda': 0.0, 'num_leaves': 31, 'n_estimators': 500, 'min_child_samples': 20, 'max_depth': -1, 'learning_rate': 0.05, 'colsample_bytree': 0.9}"
LightGBM,21,0.06777312198451327,0.006195279229671493,0.050802362791121436,-0.383057492290606,0.5208582834331338,0.7807065010070801,"{'subsample': 0.6, 'reg_lambda': 0.5, 'num_leaves': 15, 'n_estimators': 250, 'min_child_samples': 20, 'max_depth': 7, 'learning_rate': 0.05, 'colsample_bytree': 0.8}"
LightGBM,22,0.06782941065250443,0.005477020801927699,0.05080994746438154,-0.3883476999670757,0.5283433133732534,2.4476164817810058,"{'subsample': 0.6, 'reg_lambda': 2.0, 'num_leaves': 63, 'n_estimators': 250, 'min_child_samples': 50, 'max_depth': 10, 'learning_rate': 0.1, 'colsample_bytree': 1.0}"
LightGBM,27,0.0689452338642013,0.0056995062265815105,0.05163395804402594,-0.4386679732467842,0.5246506986027943,2.212485122680664,"{'subsample': 0.9, 'reg_lambda': 0.0, 'num_leaves': 15, 'n_estimators': 500, 'min_child_samples': 20, 'max_depth': 7, 'learning_rate': 0.05, 'colsample_bytree': 1.0}"
LightGBM,26,0.06906067123928268,0.005441799370225923,0.05175971707239382,-0.43971254125940085,0.5119760479041917,0.5650053977966308,"{'subsample': 0.8, 'reg_lambda': 1.0, 'num_leaves': 31, 'n_estimators': 250, 'min_child_samples': 30, 'max_depth': 3, 'learning_rate': 0.1, 'colsample_bytree': 0.9}"
LightGBM,11,0.06976602742929912,0.004045726566578159,0.052305651094212015,-0.47595770102937857,0.5224051896207585,2.094170331954956,"{'subsample': 1.0, 'reg_lambda': 5.0, 'num_leaves': 15, 'n_estimators': 500, 'min_child_samples': 50, 'max_depth': 7, 'learning_rate': 0.1, 'colsample_bytree': 0.9}"
LightGBM,17,0.07032190580446246,0.005413634707631746,0.052717501847183636,-0.5016419010972729,0.5178642714570858,1.3864899635314942,"{'subsample': 0.6, 'reg_lambda': 1.0, 'num_leaves': 31, 'n_estimators': 250, 'min_child_samples': 20, 'max_depth': 5, 'learning_rate': 0.1, 'colsample_bytree': 0.7}"
LightGBM,30,0.07079158362461928,0.006650640833858237,0.053081288208857755,-0.5139589568245508,0.508433133732535,1.138766384124756,"{'subsample': 0.6, 'reg_lambda': 0.5, 'num_leaves': 63, 'n_estimators': 350, 'min_child_samples': 20, 'max_depth': 5, 'learning_rate': 0.1, 'colsample_bytree': 0.9}"
LightGBM,24,0.07207401287995235,0.003946824553118491,0.05432315859299884,-0.5870994551938271,0.5267964071856288,2.217590665817261,"{'subsample': 0.6, 'reg_lambda': 0.5, 'num_leaves': 31, 'n_estimators': 500, 'min_child_samples': 50, 'max_depth': 5, 'learning_rate': 0.1, 'colsample_bytree': 1.0}"
LightGBM,1,0.07338162102466124,0.008663757222203217,0.055212998444155434,-0.6203112824012718,0.513622754491018,1.6155687332153321,"{'subsample': 0.9, 'reg_lambda': 0.5, 'num_leaves': 63, 'n_estimators': 500, 'min_child_samples': 10, 'max_depth': 3, 'learning_rate': 0.1, 'colsample_bytree': 0.9}"
CatBoost,19,0.05962568374882683,0.0073429875852698764,0.044092630690629575,-0.05744620683908892,0.5397205588822356,1.500009822845459,"{'random_strength': 1.0, 'learning_rate': 0.01, 'l2_leaf_reg': 7, 'iterations': 250, 'depth': 4, 'bagging_temperature': 0.0}"
CatBoost,17,0.05968009600573605,0.007107758243325953,0.04405901252567951,-0.06006528154600192,0.5365768463073852,11.710840368270874,"{'random_strength': 2.0, 'learning_rate': 0.01, 'l2_leaf_reg': 7, 'iterations': 500, 'depth': 7, 'bagging_temperature': 0.5}"
CatBoost,2,0.05974453546584331,0.007106183461540365,0.04406104715253469,-0.06214239269914268,0.5317864271457087,61.35848536491394,"{'random_strength': 2.0, 'learning_rate': 0.01, 'l2_leaf_reg': 1, 'iterations': 500, 'depth': 10, 'bagging_temperature': 2.0}"
CatBoost,11,0.059759028892891405,0.0076671059289084905,0.044180701633689506,-0.061130723845063885,0.5367764471057884,2.445653772354126,"{'random_strength': 1.0, 'learning_rate': 0.01, 'l2_leaf_reg': 10, 'iterations': 250, 'depth': 5, 'bagging_temperature': 0.0}"
CatBoost,6,0.05984462725192431,0.007171813024429219,0.04421675952677751,-0.06556341970802429,0.530439121756487,6.030667686462403,"{'random_strength': 2.0, 'learning_rate': 0.03, 'l2_leaf_reg': 10, 'iterations': 150, 'depth': 8, 'bagging_temperature': 1.0}"
CatBoost,18,0.06045977754675277,0.007487249033532932,0.04475823224768054,-0.08825936977612411,0.5350798403193613,3.820654010772705,"{'random_strength': 2.0, 'learning_rate': 0.03, 'l2_leaf_reg': 5, 'iterations': 150, 'depth': 7, 'bagging_temperature': 0.5}"
CatBoost,22,0.06049975833525321,0.008048731466704822,0.044789461853793885,-0.08773007838347521,0.5412175648702595,3.4592325687408447,"{'random_strength': 0.5, 'learning_rate': 0.01, 'l2_leaf_reg': 7, 'iterations': 250, 'depth': 6, 'bagging_temperature': 0.0}"
CatBoost,20,0.06072999331710262,0.006900232095083726,0.04477179387750877,-0.09930632357590503,0.5359281437125748,30.851141691207886,"{'random_strength': 0.5, 'learning_rate': 0.03, 'l2_leaf_reg': 1, 'iterations': 250, 'depth': 10, 'bagging_temperature': 0.0}"
CatBoost,21,0.060808691152308206,0.006959118262963965,0.04484933137419309,-0.10140641897115828,0.5305389221556887,32.31620302200317,"{'random_strength': 0.0, 'learning_rate': 0.03, 'l2_leaf_reg': 5, 'iterations': 250, 'depth': 10, 'bagging_temperature': 2.0}"
CatBoost,9,0.060892779013013584,0.006685649599749251,0.044961824068032945,-0.10547173525640607,0.5288922155688622,61.36623954772949,"{'random_strength': 1.0, 'learning_rate': 0.03, 'l2_leaf_reg': 7, 'iterations': 500, 'depth': 10, 'bagging_temperature': 1.0}"
CatBoost,14,0.06091436827613024,0.0073432422146146,0.04499724273296111,-0.10473293586150559,0.5310878243512973,30.904368782043456,"{'random_strength': 1.0, 'learning_rate': 0.05, 'l2_leaf_reg': 7, 'iterations': 250, 'depth': 10, 'bagging_temperature': 1.0}"
CatBoost,27,0.06111600387315956,0.008682880733501106,0.04527271420922596,-0.10881218295312123,0.5402195608782435,3.397891330718994,"{'random_strength': 0.5, 'learning_rate': 0.01, 'l2_leaf_reg': 5, 'iterations': 350, 'depth': 5, 'bagging_temperature': 0.5}"
CatBoost,15,0.06117669747697892,0.008060185481965245,0.045319411120756777,-0.11325407995044863,0.5335329341317365,2.4897400379180907,"{'random_strength': 2.0, 'learning_rate': 0.03, 'l2_leaf_reg': 10, 'iterations': 250, 'depth': 5, 'bagging_temperature': 2.0}"
CatBoost,23,0.06117669747697892,0.008060185481965245,0.045319411120756777,-0.11325407995044863,0.5335329341317365,2.501221513748169,"{'random_strength': 2.0, 'learning_rate': 0.03, 'l2_leaf_reg': 10, 'iterations': 250, 'depth': 5, 'bagging_temperature': 0.5}"
CatBoost,1,0.06160316787075036,0.0076697713464617375,0.045588051857308104,-0.12959334072324288,0.5318862275449101,14.145421600341797,"{'random_strength': 1.0, 'learning_rate': 0.03, 'l2_leaf_reg': 10, 'iterations': 350, 'depth': 8, 'bagging_temperature': 2.0}"
CatBoost,12,0.061749307812876866,0.007636528398367117,0.04571331802153004,-0.13533430094320759,0.5295908183632735,14.143015289306641,"{'random_strength': 1.0, 'learning_rate': 0.03, 'l2_leaf_reg': 7, 'iterations': 350, 'depth': 8, 'bagging_temperature': 1.0}"
CatBoost,30,0.06191749342279142,0.008136730441755339,0.04594316795749766,-0.13980267878023428,0.5351796407185628,2.3123865127563477,"{'random_strength': 0.0, 'learning_rate': 0.03, 'l2_leaf_reg': 3, 'iterations': 150, 'depth': 6, 'bagging_temperature': 2.0}"
CatBoost,26,0.06201485683977478,0.007209388301100098,0.045903265829351295,-0.1463920686148037,0.530439121756487,7.804880619049072,"{'random_strength': 0.5, 'learning_rate': 0.03, 'l2_leaf_reg': 10, 'iterations': 350, 'depth': 7, 'bagging_temperature': 2.0}"
CatBoost,24,0.062131218779837925,0.007331790198442618,0.04606638041632654,-0.15079593575360445,0.5214570858283432,44.80779232978821,"{'random_strength': 2.0, 'learning_rate': 0.05, 'l2_leaf_reg': 1, 'iterations': 350, 'depth': 10, 'bagging_temperature': 1.0}"
CatBoost,5,0.06225282481012704,0.007411577335977905,0.04610669731910623,-0.15583935266620616,0.5275449101796408,9.881322383880615,"{'random_strength': 1.0, 'learning_rate': 0.05, 'l2_leaf_reg': 3, 'iterations': 250, 'depth': 8, 'bagging_temperature': 1.0}"
CatBoost,8,0.06235684892297209,0.007154244883692686,0.046130357063009685,-0.15816929095600857,0.5285429141716567,8.148069620132446,"{'random_strength': 0.0, 'learning_rate': 0.03, 'l2_leaf_reg': 7, 'iterations': 350, 'depth': 7, 'bagging_temperature': 0.5}"
CatBoost,25,0.06256697362231144,0.0068899599541387855,0.046486278641443404,-0.1680400475467795,0.5295908183632735,43.24523272514343,"{'random_strength': 0.5, 'learning_rate': 0.1, 'l2_leaf_reg': 7, 'iterations': 350, 'depth': 10, 'bagging_temperature': 2.0}"
CatBoost,16,0.06282693410652364,0.006840107583342129,0.04659839733947356,-0.17786662556880253,0.5211576846307385,19.75547342300415,"{'random_strength': 0.0, 'learning_rate': 0.03, 'l2_leaf_reg': 1, 'iterations': 500, 'depth': 8, 'bagging_temperature': 0.5}"
CatBoost,7,0.06296834574049966,0.006727147257620704,0.0467195740433088,-0.182410163449984,0.5255988023952096,61.50540313720703,"{'random_strength': 0.0, 'learning_rate': 0.1, 'l2_leaf_reg': 1, 'iterations': 500, 'depth': 10, 'bagging_temperature': 0.5}"
CatBoost,29,0.06369587956155301,0.007416450399144839,0.047179887066002214,-0.2090223536129759,0.5159181636726548,11.609938478469848,"{'random_strength': 2.0, 'learning_rate': 0.05, 'l2_leaf_reg': 1, 'iterations': 500, 'depth': 7, 'bagging_temperature': 1.0}"
CatBoost,28,0.06466922668401098,0.006973748531751966,0.04806315168627191,-0.24909441823170977,0.5240518962075849,14.008381509780884,"{'random_strength': 2.0, 'learning_rate': 0.1, 'l2_leaf_reg': 3, 'iterations': 350, 'depth': 8, 'bagging_temperature': 1.0}"
CatBoost,13,0.06555381945241145,0.007499724234535294,0.048666835606345805,-0.28253946750629744,0.519560878243513,4.49731969833374,"{'random_strength': 1.0, 'learning_rate': 0.05, 'l2_leaf_reg': 3, 'iterations': 500, 'depth': 5, 'bagging_temperature': 1.0}"
CatBoost,4,0.06570182739271971,0.008221370531412442,0.048972999208437534,-0.2886633719255547,0.5177644710578843,20.220999097824098,"{'random_strength': 1.0, 'learning_rate': 0.1, 'l2_leaf_reg': 3, 'iterations': 500, 'depth': 8, 'bagging_temperature': 1.0}"
CatBoost,10,0.06606515623948757,0.007630589225069857,0.04913472685946289,-0.299420169792652,0.5359281437125748,3.2721227645874023,"{'random_strength': 0.5, 'learning_rate': 0.05, 'l2_leaf_reg': 3, 'iterations': 350, 'depth': 5, 'bagging_temperature': 2.0}"
CatBoost,3,0.06687211843088928,0.008166629733819892,0.05001679749457807,-0.3327944527170843,0.5191117764471058,5.117428970336914,"{'random_strength': 0.0, 'learning_rate': 0.1, 'l2_leaf_reg': 7, 'iterations': 350, 'depth': 6, 'bagging_temperature': 0.0}"
